classify_cluster,"('model_name', 'None')","('unknown_threshold', 'int')","('max_bgc_length', 'int')","('d_model', 'int')","('n_layers', 'int')","('heads', 'int')","('dropout', 'float')","('batch_size', 'int')","('data_set', 'str')","('classification_file', 'str')"
fp_rank_metrics,"('model_name', 'None')","('unknown_threshold', 'int')","('max_bgc_length', 'int')","('d_model', 'int')","('n_layers', 'int')","('heads', 'int')","('dropout', 'float')","('batch_size', 'int')","('data_set', 'str')","('comparison_set', 'str')","('token_path', 'str')","('seed', 'int')"
metric_task,"('model_name', 'None')","('unknown_threshold', 'int')","('max_bgc_length', 'int')","('d_model', 'int')","('n_layers', 'int')","('heads', 'int')","('dropout', 'float')","('batch_size', 'int')","('data_set', 'str')","('fp_file', 'str')","('token_path', 'str')","('seed', 'int')","('model_output', 'str')","('epochs', 'int')","('train_fraction', 'float')","('fp_size', 'int')","('loss_type', 'str')"
metric_task_scratch,"('model_name', 'None')","('unknown_threshold', 'int')","('max_bgc_length', 'int')","('d_model', 'int')","('n_layers', 'int')","('heads', 'int')","('dropout', 'float')","('batch_size', 'int')","('data_set', 'str')","('fp_file', 'str')","('token_path', 'str')","('seed', 'int')","('model_output', 'str')","('epochs', 'int')","('train_fraction', 'float')","('fp_size', 'int')","('loss_type', 'str')"
predict_sequence,"('model_name', 'None')","('unknown_threshold', 'int')","('max_bgc_length', 'int')","('d_model', 'int')","('n_layers', 'int')","('heads', 'int')","('dropout', 'float')","('batch_size', 'int')","('data_set', 'str')"
regression_task,"('model_name', 'None')","('unknown_threshold', 'int')","('max_bgc_length', 'int')","('d_model', 'int')","('n_layers', 'int')","('heads', 'int')","('dropout', 'float')","('batch_size', 'int')","('data_set', 'str')","('regression_file', 'str')","('token_path', 'str')","('seed', 'int')","('model_output', 'str')","('freeze', 'int')"
regression_task_scratch,"('model_name', 'None')","('unknown_threshold', 'int')","('max_bgc_length', 'int')","('d_model', 'int')","('n_layers', 'int')","('heads', 'int')","('dropout', 'float')","('batch_size', 'int')","('data_set', 'str')","('regression_file', 'str')","('token_path', 'str')","('seed', 'int')","('model_output', 'str')","('freeze', 'int')"
regression_task_test,"('model_name', 'None')","('unknown_threshold', 'int')","('max_bgc_length', 'int')","('d_model', 'int')","('n_layers', 'int')","('heads', 'int')","('dropout', 'float')","('batch_size', 'int')","('data_set', 'str')","('regression_file', 'str')","('token_path', 'str')","('seed', 'int')","('model_output', 'str')","('freeze', 'int')"
top_k_prediction,"('model_name', 'None')","('unknown_threshold', 'int')","('max_bgc_length', 'int')","('d_model', 'int')","('n_layers', 'int')","('heads', 'int')","('dropout', 'float')","('batch_size', 'int')","('data_set', 'str')"
embedding_similarity,"('model_name', 'None')","('model_param_file', 'None')","('infile', 'str')","('token_path', 'str')","('outfile', 'str')","('seed', 'int')","('fp_size', 'int')"
fp_rank_genome,"('model_name', 'None')","('model_param_file', 'None')","('smiles', 'str')","('token_path', 'str')","('outfile', 'str')","('seed', 'int')","('fp_type', 'str')","('fp_size', 'int')"
predicted_fps_similarity,"('model_name', 'None')","('model_param_file', 'None')","('infile', 'str')","('token_path', 'str')","('outfile', 'str')","('seed', 'int')","('fp_type', 'str')","('fp_size', 'int')"
regression_mask_effect,"('model_name', 'None')","('model_param_file', 'None')","('data_set', 'str')","('token_path', 'str')","('output_index', 'int')","('seed', 'int')","('num_tasks', 'int')"
visualize_sequence,"('gbk', 'None')","('acc', 'None')","('score', 'None')","('output', 'None')"
